{"Accuracy": [0.7142857142857143, 0.9285714285714286, 0.7142857142857143, 0.5, 0.5, 0.6428571428571429, 0.5714285714285714, 0.6428571428571429, 0.9285714285714286, 0.7692307692307693], "F1": [0.645021645021645, 0.926482873851295, 0.6928571428571428, 0.42857142857142855, 0.5076923076923077, 0.5918367346938777, 0.5392857142857144, 0.6115288220551378, 0.9274255156608098, 0.7631975867269986], "Precision": [0.8021978021978021, 0.9357142857142857, 0.7056277056277056, 0.375, 0.5625, 0.6071428571428571, 0.5281385281385281, 0.6493506493506492, 0.9365079365079365, 0.767094017094017], "Recall": [0.7142857142857143, 0.9285714285714286, 0.7142857142857143, 0.5, 0.5, 0.6428571428571429, 0.5714285714285714, 0.6428571428571429, 0.9285714285714286, 0.7692307692307693], "AUROC": [0.5333333333333333, 0.9777777777777777, 0.6888888888888889, 0.4222222222222223, 0.5555555555555555, 0.5333333333333334, 0.5777777777777778, 0.7083333333333334, 0.8333333333333334, 0.8]}