{"Accuracy": [0.75, 0.75, 0.75, 0.8333333333333334, 0.8333333333333334, 0.8333333333333334, 0.8181818181818182, 0.8181818181818182, 0.8181818181818182, 0.8181818181818182], "F1": [0.6428571428571428, 0.6428571428571428, 0.6428571428571428, 0.7575757575757575, 0.7575757575757575, 0.7575757575757575, 0.7363636363636363, 0.7363636363636363, 0.7363636363636363, 0.7363636363636363], "Precision": [0.5625, 0.5625, 0.5625, 0.6944444444444445, 0.6944444444444445, 0.6944444444444445, 0.6694214876033059, 0.6694214876033059, 0.6694214876033059, 0.6694214876033059], "Recall": [0.75, 0.75, 0.75, 0.8333333333333334, 0.8333333333333334, 0.8333333333333334, 0.8181818181818182, 0.8181818181818182, 0.8181818181818182, 0.8181818181818182], "AUROC": [0.2962962962962963, 0.40740740740740744, 0.6666666666666667, 0.7, 0.3, 0.2, 0.38888888888888884, 0.2222222222222222, 0.6666666666666666, 0.2222222222222222]}