{"Accuracy": [0.9285714285714286, 0.8571428571428571, 0.8571428571428571, 0.8571428571428571, 0.8571428571428571, 0.8571428571428571, 0.8571428571428571, 0.8571428571428571, 0.9230769230769231, 0.9230769230769231], "F1": [0.8941798941798942, 0.7912087912087912, 0.7912087912087912, 0.7912087912087912, 0.7912087912087912, 0.7912087912087912, 0.7912087912087912, 0.7912087912087912, 0.8861538461538463, 0.8861538461538463], "Precision": [0.8622448979591837, 0.7346938775510203, 0.7346938775510203, 0.7346938775510203, 0.7346938775510203, 0.7346938775510203, 0.7346938775510203, 0.7346938775510203, 0.8520710059171598, 0.8520710059171598], "Recall": [0.9285714285714286, 0.8571428571428571, 0.8571428571428571, 0.8571428571428571, 0.8571428571428571, 0.8571428571428571, 0.8571428571428571, 0.8571428571428571, 0.9230769230769231, 0.9230769230769231], "AUROC": [0.3076923076923077, 0.16666666666666663, 0.5208333333333333, 0.20833333333333331, 0.5416666666666666, 0.7083333333333333, 0.9375, 0.47916666666666663, 1.0, 0.375]}