{"Accuracy": [0.8, 0.8, 0.8, 0.8571428571428571, 0.8571428571428571, 0.7857142857142857, 0.7857142857142857, 0.7857142857142857, 0.7857142857142857, 0.7857142857142857], "F1": [0.7111111111111111, 0.7111111111111111, 0.7111111111111111, 0.7912087912087912, 0.7912087912087912, 0.6914285714285714, 0.6914285714285714, 0.6914285714285714, 0.6914285714285714, 0.6914285714285714], "Precision": [0.6400000000000001, 0.6400000000000001, 0.6400000000000001, 0.7346938775510203, 0.7346938775510203, 0.6173469387755102, 0.6173469387755102, 0.6173469387755102, 0.6173469387755102, 0.6173469387755102], "Recall": [0.8, 0.8, 0.8, 0.8571428571428571, 0.8571428571428571, 0.7857142857142857, 0.7857142857142857, 0.7857142857142857, 0.7857142857142857, 0.7857142857142857], "AUROC": [0.8055555555555556, 0.6666666666666667, 0.638888888888889, 0.29166666666666663, 0.5416666666666666, 0.6363636363636364, 0.712121212121212, 0.8181818181818181, 0.9090909090909091, 0.5151515151515151]}