{"Accuracy": [0.7142857142857143, 0.6428571428571429, 0.6428571428571429, 0.6428571428571429, 0.7142857142857143, 0.7142857142857143, 0.5714285714285714, 0.8461538461538461, 0.7692307692307693, 0.46153846153846156], "F1": [0.7083333333333333, 0.6256684491978609, 0.6256684491978609, 0.6256684491978609, 0.7083333333333333, 0.7083333333333333, 0.5333333333333333, 0.8461538461538461, 0.7692307692307693, 0.46153846153846156], "Precision": [0.7333333333333333, 0.6749999999999999, 0.6749999999999999, 0.6749999999999999, 0.7333333333333333, 0.7333333333333333, 0.6060606060606061, 0.8461538461538461, 0.7783882783882785, 0.46703296703296704], "Recall": [0.7142857142857143, 0.6428571428571429, 0.6428571428571429, 0.6428571428571429, 0.7142857142857143, 0.7142857142857143, 0.5714285714285714, 0.8461538461538461, 0.7692307692307693, 0.46153846153846156], "AUROC": [0.8163265306122449, 0.8979591836734694, 0.6122448979591837, 0.5816326530612245, 0.693877551020408, 0.673469387755102, 0.4897959183673469, 0.9166666666666666, 0.9523809523809524, 0.5119047619047619]}